CategoryID;CategoryName;TotalCategoryRevenue<class 'int'>;<class 'str'>;<class 'decimal.Decimal'>1;Beverages;286526.95002;Condiments;113694.75003;Confections;177099.10004;Dairy Products;251330.50005;Grains/Cereals;100726.80006;Meat/Poultry;178188.80007;Produce;105268.60008;Seafood;141623.0900